132	1
256	1
285	1
295	1
321	1
391	1
436	1
811	1
932	1
1059	1
1374	1
1432	1
1451	1
1720	1
1761	1
1781	1
1885	1
1922	1
1944	1
1977	1
2750	1
2862	1
3083	1
3191	1
3222	1
3335	1
3495	1
3532	1
3648	1
3739	1
3791	1
3877	1
5	2
162	2
447	2
606	2
661	2
675	2
696	2
742	2
926	2
982	2
984	2
1126	2
1130	2
1185	2
1249	2
1252	2
1281	2
1585	2
1613	2
1615	2
1825	2
1832	2
1842	2
1882	2
1883	2
1894	2
2147	2
2195	2
2237	2
2340	2
2500	2
2527	2
2564	2
3036	2
3067	2
3130	2
3256	2
3258	2
3259	2
3283	2
3287	2
3292	2
3342	2
3365	2
3407	2
3704	2
3797	2
3819	2
3826	2
3886	2
6	3
8	3
30	3
31	3
33	3
35	3
70	3
104	3
107	3
120	3
142	3
173	3
225	3
259	3
268	3
271	3
334	3
380	3
402	3
437	3
448	3
463	3
467	3
477	3
485	3
490	3
511	3
532	3
559	3
562	3
564	3
570	3
584	3
588	3
590	3
615	3
623	3
663	3
692	3
748	3
752	3
765	3
775	3
784	3
789	3
808	3
815	3
816	3
853	3
865	3
875	3
879	3
892	3
903	3
904	3
911	3
988	3
995	3
1002	3
1025	3
1045	3
1063	3
1089	3
1114	3
1124	3
1194	3
1234	3
1242	3
1244	3
1253	3
1262	3
1270	3
1289	3
1311	3
1360	3
1381	3
1387	3
1396	3
1420	3
1442	3
1453	3
1541	3
1564	3
1570	3
1627	3
1640	3
1698	3
1727	3
1728	3
1782	3
1797	3
1808	3
1812	3
1831	3
1848	3
1878	3
1897	3
1943	3
1973	3
2000	3
2004	3
2015	3
2020	3
2045	3
2055	3
2074	3
2188	3
2200	3
2223	3
2284	3
2313	3
2322	3
2357	3
2365	3
2396	3
2409	3
2431	3
2435	3
2453	3
2476	3
2499	3
2512	3
2514	3
2516	3
2518	3
2548	3
2555	3
2578	3
2583	3
2597	3
2599	3
2635	3
2654	3
2706	3
2707	3
2748	3
2781	3
2795	3
2832	3
2841	3
2858	3
2878	3
2887	3
2921	3
2928	3
2952	3
2958	3
2973	3
2991	3
3017	3
3032	3
3034	3
3054	3
3077	3
3088	3
3097	3
3118	3
3119	3
3152	3
3177	3
3180	3
3257	3
3271	3
3321	3
3330	3
3360	3
3364	3
3424	3
3458	3
3471	3
3475	3
3482	3
3493	3
3500	3
3601	3
3616	3
3693	3
3750	3
3801	3
3840	3
51	4
89	4
120	4
150	4
157	4
169	4
171	4
175	4
246	4
269	4
290	4
305	4
352	4
360	4
413	4
418	4
430	4
510	4
528	4
531	4
569	4
579	4
611	4
651	4
661	4
688	4
739	4
740	4
755	4
757	4
810	4
827	4
836	4
845	4
848	4
849	4
878	4
882	4
883	4
896	4
959	4
997	4
1053	4
1061	4
1069	4
1121	4
1144	4
1169	4
1181	4
1182	4
1185	4
1192	4
1222	4
1246	4
1247	4
1257	4
1262	4
1268	4
1281	4
1283	4
1288	4
1327	4
1333	4
1335	4
1343	4
1399	4
1404	4
1412	4
1430	4
1444	4
1456	4
1516	4
1535	4
1594	4
1605	4
1617	4
1618	4
1619	4
1625	4
1675	4
1692	4
1714	4
1718	4
1750	4
1773	4
1819	4
1839	4
1843	4
1881	4
1886	4
1898	4
1911	4
1939	4
1960	4
1972	4
2011	4
2060	4
2077	4
2152	4
2155	4
2201	4
2231	4
2232	4
2240	4
2281	4
2317	4
2332	4
2369	4
2384	4
2410	4
2415	4
2417	4
2421	4
2521	4
2534	4
2535	4
2571	4
2574	4
2716	4
2719	4
2753	4
2755	4
2759	4
2810	4
2870	4
2875	4
2883	4
2892	4
2907	4
2917	4
2951	4
2962	4
2995	4
3021	4
3043	4
3045	4
3115	4
3116	4
3119	4
3129	4
3139	4
3168	4
3230	4
3239	4
3264	4
3304	4
3321	4
3350	4
3377	4
3384	4
3410	4
3443	4
3448	4
3457	4
3474	4
3510	4
3513	4
3560	4
3566	4
3636	4
3664	4
3690	4
3715	4
3729	4
3730	4
3737	4
3745	4
3774	4
3782	4
3806	4
3836	4
3847	4
3860	4
3871	4
3888	4
3	5
32	5
33	5
106	5
109	5
114	5
174	5
296	5
299	5
380	5
398	5
451	5
452	5
453	5
479	5
514	5
538	5
539	5
550	5
579	5
597	5
733	5
748	5
854	5
861	5
874	5
880	5
904	5
995	5
1134	5
1159	5
1166	5
1266	5
1277	5
1360	5
1406	5
1417	5
1438	5
1473	5
1481	5
1490	5
1515	5
1520	5
1675	5
1676	5
1681	5
1684	5
1697	5
1698	5
1782	5
1811	5
1894	5
1910	5
1930	5
1931	5
1932	5
2033	5
2048	5
2135	5
2167	5
2181	5
2186	5
2336	5
2356	5
2367	5
2394	5
2429	5
2504	5
2561	5
2568	5
2586	5
2591	5
2598	5
2647	5
2759	5
2877	5
2993	5
3030	5
3033	5
3089	5
3162	5
3167	5
3230	5
3379	5
3424	5
3430	5
3469	5
3474	5
3605	5
3662	5
3722	5
3734	5
3790	5
3822	5
1	6
16	6
29	6
48	6
50	6
51	6
53	6
68	6
69	6
112	6
128	6
153	6
159	6
278	6
280	6
281	6
302	6
314	6
317	6
318	6
347	6
348	6
356	6
377	6
405	6
472	6
487	6
501	6
513	6
549	6
556	6
567	6
574	6
583	6
587	6
598	6
624	6
633	6
674	6
683	6
720	6
734	6
745	6
764	6
805	6
839	6
847	6
890	6
925	6
954	6
973	6
1009	6
1010	6
1013	6
1055	6
1060	6
1072	6
1090	6
1131	6
1147	6
1148	6
1169	6
1195	6
1202	6
1204	6
1206	6
1223	6
1224	6
1230	6
1292	6
1336	6
1350	6
1352	6
1370	6
1375	6
1385	6
1402	6
1439	6
1446	6
1452	6
1455	6
1496	6
1498	6
1561	6
1587	6
1599	6
1610	6
1620	6
1694	6
1705	6
1748	6
1807	6
1835	6
1923	6
1933	6
1948	6
1954	6
1959	6
1983	6
2025	6
2026	6
2043	6
2069	6
2070	6
2092	6
2114	6
2120	6
2121	6
2154	6
2191	6
2195	6
2218	6
2219	6
2248	6
2253	6
2266	6
2303	6
2314	6
2315	6
2318	6
2319	6
2346	6
2362	6
2397	6
2467	6
2486	6
2531	6
2532	6
2541	6
2542	6
2588	6
2611	6
2612	6
2651	6
2683	6
2707	6
2734	6
2743	6
2811	6
2828	6
2835	6
2838	6
2890	6
2906	6
2931	6
2948	6
2949	6
2990	6
3000	6
3003	6
3039	6
3049	6
3064	6
3105	6
3127	6
3144	6
3164	6
3198	6
3223	6
3232	6
3273	6
3293	6
3312	6
3317	6
3328	6
3334	6
3340	6
3342	6
3400	6
3408	6
3409	6
3412	6
3450	6
3455	6
3467	6
3470	6
3479	6
3505	6
3516	6
3633	6
3667	6
3675	6
3681	6
3684	6
3686	6
3692	6
3731	6
3732	6
3735	6
3741	6
3838	6
3868	6
3885	6
38	7
75	7
76	7
116	7
119	7
124	7
161	7
163	7
183	7
197	7
231	7
235	7
242	7
243	7
288	7
315	7
385	7
400	7
410	7
515	7
527	7
545	7
555	7
601	7
639	7
673	7
675	7
699	7
700	7
712	7
878	7
902	7
905	7
910	7
953	7
1003	7
1062	7
1171	7
1184	7
1199	7
1207	7
1208	7
1231	7
1264	7
1321	7
1354	7
1356	7
1360	7
1425	7
1429	7
1483	7
1611	7
1639	7
1649	7
1659	7
1661	7
1721	7
1741	7
1742	7
1767	7
1796	7
1801	7
1839	7
1866	7
1892	7
1917	7
1947	7
1965	7
1969	7
1991	7
1992	7
1994	7
2041	7
2053	7
2083	7
2117	7
2139	7
2148	7
2151	7
2177	7
2181	7
2189	7
2261	7
2277	7
2375	7
2381	7
2417	7
2425	7
2426	7
2445	7
2457	7
2462	7
2488	7
2509	7
2556	7
2568	7
2573	7
2588	7
2595	7
2631	7
2738	7
2767	7
2772	7
2783	7
2784	7
2785	7
2786	7
2812	7
2827	7
2831	7
2836	7
2860	7
2864	7
2912	7
2913	7
2914	7
2965	7
2989	7
3000	7
3018	7
3020	7
3040	7
3067	7
3103	7
3132	7
3148	7
3183	7
3185	7
3188	7
3193	7
3214	7
3215	7
3229	7
3253	7
3289	7
3298	7
3343	7
3351	7
3352	7
3386	7
3429	7
3457	7
3460	7
3462	7
3465	7
3491	7
3498	7
3509	7
3512	7
3522	7
3536	7
3617	7
3660	7
3669	7
3719	7
3721	7
3725	7
3781	7
3812	7
3871	7
3872	7
21	8
51	8
82	8
84	8
89	8
92	8
120	8
139	8
142	8
172	8
175	8
269	8
305	8
518	8
525	8
528	8
560	8
561	8
651	8
661	8
684	8
688	8
725	8
746	8
755	8
759	8
799	8
814	8
818	8
836	8
849	8
855	8
882	8
927	8
967	8
979	8
994	8
1042	8
1053	8
1121	8
1144	8
1169	8
1181	8
1182	8
1222	8
1246	8
1247	8
1257	8
1259	8
1262	8
1268	8
1281	8
1320	8
1327	8
1333	8
1404	8
1412	8
1430	8
1444	8
1456	8
1462	8
1485	8
1488	8
1516	8
1535	8
1542	8
1561	8
1594	8
1617	8
1619	8
1650	8
1675	8
1707	8
1718	8
1758	8
1776	8
1839	8
1843	8
1847	8
1898	8
1911	8
1955	8
1972	8
1987	8
2014	8
2039	8
2060	8
2078	8
2153	8
2155	8
2201	8
2231	8
2232	8
2240	8
2281	8
2293	8
2320	8
2324	8
2325	8
2342	8
2369	8
2385	8
2436	8
2444	8
2446	8
2516	8
2520	8
2521	8
2528	8
2534	8
2535	8
2550	8
2551	8
2566	8
2571	8
2574	8
2578	8
2642	8
2657	8
2753	8
2755	8
2759	8
2810	8
2821	8
2871	8
2883	8
2907	8
2925	8
2926	8
2946	8
2962	8
2994	8
3001	8
3009	8
3021	8
3101	8
3115	8
3116	8
3119	8
3121	8
3139	8
3155	8
3168	8
3179	8
3218	8
3239	8
3249	8
3259	8
3269	8
3304	8
3321	8
3377	8
3378	8
3401	8
3402	8
3407	8
3410	8
3448	8
3469	8
3474	8
3510	8
3513	8
3541	8
3566	8
3664	8
3689	8
3729	8
3730	8
3750	8
3760	8
3774	8
3782	8
3855	8
3888	8
5	9
55	9
177	9
184	9
190	9
196	9
227	9
239	9
250	9
266	9
272	9
319	9
375	9
394	9
414	9
415	9
424	9
463	9
493	9
502	9
514	9
578	9
635	9
647	9
665	9
687	9
688	9
690	9
697	9
721	9
740	9
741	9
749	9
758	9
808	9
817	9
830	9
875	9
878	9
895	9
903	9
926	9
929	9
978	9
999	9
1006	9
1017	9
1038	9
1075	9
1140	9
1169	9
1238	9
1241	9
1243	9
1298	9
1333	9
1337	9
1354	9
1355	9
1420	9
1428	9
1460	9
1464	9
1474	9
1488	9
1499	9
1536	9
1611	9
1690	9
1714	9
1715	9
1737	9
1746	9
1749	9
1789	9
1790	9
1842	9
1924	9
1926	9
1949	9
1968	9
1969	9
1970	9
1991	9
1992	9
2001	9
2045	9
2053	9
2101	9
2103	9
2123	9
2127	9
2138	9
2145	9
2227	9
2236	9
2250	9
2286	9
2287	9
2309	9
2338	9
2358	9
2382	9
2412	9
2419	9
2426	9
2433	9
2478	9
2508	9
2530	9
2549	9
2556	9
2571	9
2573	9
2585	9
2625	9
2626	9
2627	9
2657	9
2701	9
2720	9
2737	9
2742	9
2746	9
2786	9
2798	9
2809	9
2833	9
2848	9
2857	9
2892	9
2897	9
2910	9
2918	9
2924	9
2951	9
2962	9
2964	9
3026	9
3031	9
3038	9
3096	9
3104	9
3175	9
3182	9
3183	9
3185	9
3195	9
3215	9
3241	9
3251	9
3253	9
3255	9
3281	9
3287	9
3292	9
3320	9
3343	9
3352	9
3353	9
3386	9
3392	9
3402	9
3421	9
3451	9
3458	9
3485	9
3551	9
3562	9
3563	9
3568	9
3675	9
3676	9
3682	9
3737	9
3761	9
3777	9
3794	9
3851	9
3867	9
3870	9
11	10
24	10
28	10
102	10
107	10
120	10
134	10
145	10
157	10
158	10
161	10
213	10
252	10
267	10
282	10
284	10
287	10
293	10
309	10
322	10
381	10
392	10
417	10
422	10
424	10
455	10
456	10
459	10
460	10
471	10
478	10
486	10
489	10
499	10
520	10
531	10
566	10
571	10
582	10
657	10
689	10
713	10
748	10
750	10
767	10
850	10
855	10
868	10
889	10
902	10
927	10
949	10
984	10
987	10
1000	10
1031	10
1040	10
1043	10
1044	10
1145	10
1176	10
1199	10
1228	10
1231	10
1261	10
1291	10
1301	10
1319	10
1341	10
1393	10
1406	10
1427	10
1481	10
1491	10
1501	10
1548	10
1550	10
1557	10
1569	10
1585	10
1589	10
1611	10
1638	10
1683	10
1688	10
1703	10
1710	10
1754	10
1777	10
1841	10
1843	10
1871	10
1963	10
1975	10
2003	10
2005	10
2028	10
2081	10
2094	10
2165	10
2169	10
2175	10
2184	10
2225	10
2256	10
2257	10
2286	10
2294	10
2366	10
2408	10
2419	10
2465	10
2466	10
2474	10
2485	10
2520	10
2525	10
2536	10
2540	10
2563	10
2590	10
2625	10
2626	10
2639	10
2673	10
2685	10
2695	10
2697	10
2714	10
2750	10
2766	10
2770	10
2790	10
2801	10
2802	10
2810	10
2831	10
2891	10
2909	10
2914	10
2941	10
2982	10
2989	10
3004	10
3023	10
3025	10
3040	10
3058	10
3068	10
3213	10
3217	10
3228	10
3237	10
3287	10
3308	10
3314	10
3322	10
3343	10
3350	10
3376	10
3386	10
3433	10
3483	10
3493	10
3496	10
3499	10
3503	10
3507	10
3508	10
3512	10
3547	10
3567	10
3570	10
3588	10
3609	10
3621	10
3628	10
3631	10
3634	10
3678	10
3712	10
3717	10
3723	10
3730	10
3782	10
3798	10
3832	10
63	11
73	11
113	11
138	11
181	11
229	11
241	11
297	11
322	11
341	11
376	11
383	11
409	11
420	11
429	11
516	11
557	11
569	11
572	11
612	11
616	11
717	11
724	11
771	11
774	11
779	11
788	11
796	11
810	11
812	11
866	11
885	11
901	11
902	11
919	11
923	11
937	11
950	11
961	11
1015	11
1047	11
1074	11
1101	11
1102	11
1138	11
1141	11
1173	11
1177	11
1193	11
1201	11
1242	11
1279	11
1283	11
1290	11
1322	11
1362	11
1365	11
1383	11
1386	11
1388	11
1400	11
1407	11
1433	11
1447	11
1469	11
1472	11
1554	11
1555	11
1562	11
1563	11
1578	11
1588	11
1622	11
1643	11
1687	11
1706	11
1729	11
1741	11
1766	11
1772	11
1782	11
1822	11
1861	11
1875	11
1895	11
1915	11
1923	11
1937	11
1946	11
2054	11
2134	11
2160	11
2194	11
2278	11
2307	11
2309	11
2313	11
2350	11
2380	11
2395	11
2398	11
2409	11
2434	11
2439	11
2441	11
2477	11
2498	11
2519	11
2522	11
2612	11
2620	11
2626	11
2657	11
2660	11
2665	11
2675	11
2700	11
2758	11
2760	11
2794	11
2806	11
2872	11
2908	11
2928	11
2968	11
2992	11
3014	11
3021	11
3084	11
3089	11
3132	11
3146	11
3156	11
3162	11
3176	11
3197	11
3206	11
3234	11
3305	11
3319	11
3329	11
3335	11
3347	11
3368	11
3387	11
3400	11
3404	11
3420	11
3446	11
3463	11
3488	11
3511	11
3578	11
3580	11
3585	11
3619	11
3626	11
3658	11
3696	11
3697	11
3722	11
3728	11
3748	11
3755	11
3759	11
3805	11
3813	11
3825	11
3831	11
59	12
276	12
357	12
404	12
824	12
867	12
985	12
1058	12
1323	12
1519	12
1682	12
1887	12
1902	12
2010	12
2198	12
2281	12
2285	12
2421	12
2473	12
2475	12
2736	12
2850	12
2864	12
2890	12
2891	12
2996	12
3008	12
3203	12
3506	12
3600	12
3639	12
32	13
39	13
46	13
47	13
48	13
61	13
70	13
94	13
98	13
114	13
167	13
168	13
181	13
182	13
190	13
202	13
260	13
285	13
361	13
371	13
386	13
447	13
501	13
508	13
584	13
625	13
629	13
636	13
637	13
727	13
728	13
729	13
731	13
755	13
793	13
796	13
808	13
810	13
815	13
864	13
865	13
873	13
879	13
889	13
902	13
908	13
923	13
967	13
974	13
981	13
993	13
1002	13
1053	13
1056	13
1064	13
1081	13
1082	13
1084	13
1107	13
1109	13
1142	13
1181	13
1182	13
1210	13
1233	13
1240	13
1250	13
1251	13
1259	13
1262	13
1265	13
1266	13
1276	13
1312	13
1333	13
1334	13
1345	13
1358	13
1359	13
1381	13
1384	13
1395	13
1405	13
1406	13
1419	13
1423	13
1459	13
1497	13
1512	13
1521	13
1550	13
1573	13
1585	13
1635	13
1662	13
1709	13
1730	13
1769	13
1770	13
1791	13
1793	13
1809	13
1835	13
1859	13
1892	13
1926	13
1942	13
1955	13
2003	13
2035	13
2068	13
2098	13
2146	13
2161	13
2173	13
2193	13
2197	13
2203	13
2224	13
2227	13
2239	13
2241	13
2260	13
2263	13
2274	13
2299	13
2341	13
2357	13
2378	13
2439	13
2447	13
2455	13
2462	13
2484	13
2490	13
2491	13
2584	13
2614	13
2628	13
2636	13
2650	13
2670	13
2801	13
2803	13
2815	13
2853	13
2877	13
2889	13
2901	13
2968	13
2974	13
2992	13
3011	13
3026	13
3040	13
3066	13
3081	13
3113	13
3122	13
3131	13
3136	13
3157	13
3196	13
3244	13
3245	13
3271	13
3277	13
3280	13
3339	13
3410	13
3424	13
3425	13
3437	13
3447	13
3477	13
3481	13
3499	13
3562	13
3575	13
3579	13
3674	13
3700	13
3719	13
3723	13
3735	13
3737	13
3825	13
3839	13
3840	13
38	14
101	14
116	14
135	14
143	14
231	14
235	14
260	14
301	14
370	14
389	14
392	14
412	14
466	14
499	14
527	14
555	14
586	14
591	14
592	14
596	14
621	14
639	14
665	14
669	14
682	14
722	14
754	14
756	14
843	14
871	14
884	14
889	14
905	14
912	14
1027	14
1076	14
1093	14
1139	14
1149	14
1164	14
1280	14
1300	14
1318	14
1348	14
1355	14
1425	14
1499	14
1500	14
1501	14
1544	14
1549	14
1630	14
1636	14
1637	14
1641	14
1644	14
1649	14
1656	14
1659	14
1661	14
1695	14
1723	14
1732	14
1787	14
1788	14
1792	14
1799	14
1800	14
1864	14
1869	14
1871	14
1888	14
1910	14
1965	14
1992	14
1999	14
2035	14
2042	14
2053	14
2057	14
2081	14
2083	14
2101	14
2104	14
2105	14
2124	14
2143	14
2177	14
2182	14
2189	14
2204	14
2206	14
2210	14
2211	14
2215	14
2227	14
2234	14
2235	14
2236	14
2244	14
2256	14
2289	14
2354	14
2381	14
2395	14
2405	14
2414	14
2419	14
2460	14
2491	14
2495	14
2538	14
2576	14
2604	14
2605	14
2607	14
2608	14
2610	14
2619	14
2668	14
2671	14
2689	14
2728	14
2738	14
2783	14
2784	14
2796	14
2799	14
2812	14
2846	14
2860	14
2886	14
2920	14
2933	14
2935	14
2937	14
2945	14
2990	14
2998	14
3001	14
3002	14
3020	14
3040	14
3044	14
3058	14
3091	14
3093	14
3103	14
3114	14
3123	14
3141	14
3154	14
3159	14
3183	14
3185	14
3188	14
3214	14
3241	14
3255	14
3262	14
3266	14
3348	14
3352	14
3357	14
3377	14
3458	14
3531	14
3562	14
3602	14
3628	14
3695	14
3719	14
3724	14
3784	14
3849	14
3870	14
202	15
211	15
266	15
332	15
463	15
658	15
923	15
1051	15
1529	15
1567	15
1670	15
1695	15
1698	15
1768	15
1782	15
1851	15
1964	15
2054	15
2216	15
2264	15
2321	15
2343	15
2354	15
2564	15
2614	15
2740	15
2762	15
2922	15
2980	15
3089	15
3194	15
3288	15
3339	15
3361	15
3395	15
3428	15
3477	15
3487	15
3489	15
3500	15
3519	15
3646	15
3669	15
3830	15
3835	15
3839	15
3857	15
1	16
75	16
116	16
131	16
137	16
150	16
178	16
187	16
231	16
236	16
239	16
243	16
249	16
282	16
293	16
305	16
366	16
390	16
444	16
455	16
499	16
561	16
578	16
588	16
639	16
675	16
676	16
689	16
699	16
738	16
742	16
796	16
830	16
871	16
878	16
902	16
905	16
929	16
944	16
966	16
991	16
1003	16
1106	16
1115	16
1140	16
1176	16
1185	16
1199	16
1207	16
1225	16
1226	16
1228	16
1231	16
1233	16
1338	16
1360	16
1422	16
1425	16
1430	16
1434	16
1435	16
1467	16
1483	16
1504	16
1524	16
1585	16
1601	16
1610	16
1615	16
1648	16
1657	16
1659	16
1660	16
1661	16
1695	16
1848	16
1852	16
1888	16
1896	16
1921	16
1926	16
1929	16
1971	16
2008	16
2012	16
2014	16
2057	16
2061	16
2081	16
2095	16
2096	16
2143	16
2151	16
2171	16
2229	16
2261	16
2281	16
2285	16
2305	16
2322	16
2349	16
2381	16
2391	16
2421	16
2426	16
2433	16
2436	16
2456	16
2462	16
2523	16
2563	16
2564	16
2566	16
2571	16
2602	16
2607	16
2635	16
2701	16
2738	16
2749	16
2780	16
2783	16
2785	16
2786	16
2810	16
2813	16
2814	16
2816	16
2818	16
2842	16
2860	16
2913	16
2914	16
2929	16
2935	16
2937	16
2938	16
2961	16
2985	16
2989	16
3037	16
3040	16
3067	16
3094	16
3126	16
3133	16
3188	16
3214	16
3251	16
3253	16
3259	16
3260	16
3287	16
3289	16
3318	16
3343	16
3346	16
3351	16
3352	16
3451	16
3452	16
3462	16
3473	16
3490	16
3491	16
3493	16
3512	16
3517	16
3522	16
3539	16
3545	16
3547	16
3617	16
3656	16
3670	16
3704	16
3717	16
3719	16
3730	16
3737	16
3752	16
3818	16
32	17
60	17
91	17
202	17
361	17
380	17
382	17
384	17
423	17
448	17
452	17
464	17
479	17
532	17
535	17
536	17
550	17
733	17
748	17
828	17
872	17
874	17
880	17
904	17
987	17
1088	17
1089	17
1143	17
1159	17
1165	17
1248	17
1266	17
1438	17
1473	17
1536	17
1559	17
1561	17
1640	17
1669	17
1681	17
1684	17
1686	17
1695	17
1697	17
1698	17
1700	17
1777	17
1782	17
1838	17
1910	17
1930	17
1934	17
1967	17
2033	17
2037	17
2118	17
2163	17
2167	17
2185	17
2276	17
2301	17
2336	17
2361	17
2368	17
2504	17
2586	17
2587	17
2647	17
2662	17
2745	17
2759	17
2877	17
3012	17
3030	17
3086	17
3143	17
3205	17
3230	17
3246	17
3397	17
3424	17
3430	17
3440	17
3469	17
3474	17
3602	17
3605	17
3714	17
3734	17
3815	17
101	18
116	18
135	18
231	18
235	18
260	18
354	18
370	18
392	18
527	18
592	18
596	18
628	18
669	18
756	18
843	18
871	18
889	18
924	18
1093	18
1325	18
1354	18
1425	18
1501	18
1630	18
1636	18
1637	18
1641	18
1644	18
1656	18
1787	18
1792	18
1799	18
1870	18
1965	18
1995	18
2081	18
2101	18
2104	18
2182	18
2206	18
2210	18
2215	18
2234	18
2256	18
2289	18
2334	18
2400	18
2405	18
2460	18
2491	18
2509	18
2572	18
2575	18
2592	18
2604	18
2605	18
2607	18
2610	18
2619	18
2728	18
2784	18
2796	18
2847	18
2920	18
2945	18
3002	18
3091	18
3103	18
3114	18
3185	18
3253	18
3352	18
3357	18
3372	18
3483	18
3608	18
3671	18
3814	18
3849	18
3870	18
76	19
77	19
78	19
96	19
108	19
110	19
146	19
154	19
234	19
239	19
277	19
335	19
350	19
351	19
371	19
374	19
438	19
454	19
490	19
503	19
504	19
518	19
553	19
575	19
622	19
630	19
637	19
657	19
719	19
726	19
807	19
809	19
861	19
892	19
895	19
917	19
922	19
931	19
940	19
960	19
1003	19
1018	19
1066	19
1068	19
1114	19
1115	19
1135	19
1137	19
1199	19
1274	19
1286	19
1287	19
1318	19
1377	19
1389	19
1398	19
1409	19
1415	19
1443	19
1495	19
1511	19
1524	19
1530	19
1536	19
1582	19
1583	19
1585	19
1627	19
1711	19
1713	19
1719	19
1726	19
1732	19
1736	19
1803	19
1855	19
1944	19
1976	19
1992	19
2024	19
2027	19
2048	19
2073	19
2113	19
2121	19
2143	19
2168	19
2178	19
2206	19
2218	19
2221	19
2226	19
2298	19
2304	19
2306	19
2335	19
2340	19
2344	19
2359	19
2373	19
2374	19
2395	19
2444	19
2449	19
2478	19
2517	19
2544	19
2560	19
2600	19
2614	19
2625	19
2640	19
2657	19
2792	19
2859	19
2861	19
2897	19
2911	19
2913	19
2927	19
2935	19
2936	19
2956	19
2986	19
3037	19
3060	19
3062	19
3080	19
3099	19
3138	19
3142	19
3184	19
3209	19
3215	19
3251	19
3255	19
3259	19
3260	19
3285	19
3287	19
3290	19
3306	19
3315	19
3343	19
3351	19
3352	19
3386	19
3388	19
3429	19
3462	19
3490	19
3491	19
3536	19
3539	19
3579	19
3618	19
3621	19
3680	19
3701	19
3730	19
3768	19
3777	19
3841	19
3855	19
3884	19
35	20
43	20
44	20
133	20
140	20
253	20
270	20
271	20
361	20
370	20
381	20
423	20
469	20
490	20
498	20
521	20
532	20
554	20
611	20
697	20
701	20
723	20
748	20
753	20
775	20
776	20
791	20
815	20
872	20
874	20
879	20
899	20
983	20
1001	20
1016	20
1045	20
1075	20
1089	20
1155	20
1165	20
1229	20
1266	20
1296	20
1367	20
1381	20
1392	20
1438	20
1442	20
1514	20
1555	20
1636	20
1640	20
1681	20
1687	20
1689	20
1697	20
1700	20
1728	20
1794	20
1808	20
1830	20
1847	20
1945	20
1958	20
1962	20
1967	20
2016	20
2017	20
2033	20
2173	20
2249	20
2294	20
2302	20
2320	20
2321	20
2338	20
2339	20
2365	20
2379	20
2459	20
2480	20
2504	20
2507	20
2512	20
2557	20
2587	20
2597	20
2599	20
2606	20
2609	20
2630	20
2656	20
2657	20
2662	20
2675	20
2686	20
2700	20
2768	20
2832	20
2852	20
2877	20
2878	20
2879	20
2887	20
2916	20
2952	20
2954	20
2960	20
2973	20
3012	20
3013	20
3057	20
3073	20
3118	20
3124	20
3146	20
3170	20
3177	20
3231	20
3233	20
3244	20
3246	20
3249	20
3291	20
3295	20
3345	20
3424	20
3427	20
3464	20
3504	20
3538	20
3632	20
3747	20
3776	20
3786	20
3865	20
17	21
130	21
148	21
182	21
192	21
285	21
343	21
369	21
373	21
428	21
449	21
481	21
492	21
568	21
577	21
590	21
636	21
653	21
655	21
706	21
710	21
711	21
755	21
905	21
947	21
955	21
974	21
1005	21
1053	21
1094	21
1113	21
1158	21
1168	21
1188	21
1195	21
1214	21
1218	21
1219	21
1236	21
1251	21
1269	21
1276	21
1295	21
1311	21
1331	21
1333	21
1335	21
1342	21
1405	21
1436	21
1484	21
1487	21
1512	21
1521	21
1584	21
1667	21
1717	21
1725	21
1813	21
1908	21
1909	21
1914	21
1936	21
2035	21
2086	21
2095	21
2097	21
2165	21
2258	21
2463	21
2511	21
2601	21
2608	21
2681	21
2723	21
2749	21
2761	21
2787	21
2816	21
2825	21
2889	21
2955	21
2992	21
3016	21
3042	21
3053	21
3107	21
3161	21
3180	21
3199	21
3340	21
3414	21
3416	21
3434	21
3532	21
3543	21
3547	21
3579	21
3627	21
3657	21
3698	21
3699	21
3711	21
3720	21
3723	21
3744	21
3769	21
3771	21
3823	21
3877	21
3888	21
6	22
42	22
114	22
176	22
186	22
195	22
244	22
253	22
434	22
611	22
662	22
770	22
957	22
988	22
1120	22
1143	22
1144	22
1216	22
1259	22
1262	22
1273	22
1423	22
1445	22
1459	22
1520	22
1640	22
1668	22
1730	22
1739	22
1758	22
1859	22
1877	22
1920	22
1926	22
1942	22
2089	22
2101	22
2147	22
2193	22
2202	22
2217	22
2269	22
2285	22
2295	22
2376	22
2378	22
2459	22
2462	22
2464	22
2557	22
2615	22
2618	22
2699	22
2721	22
2727	22
2729	22
2797	22
2801	22
2855	22
2877	22
3019	22
3090	22
3196	22
3244	22
3245	22
3421	22
3431	22
3437	22
3491	22
3547	22
3656	22
37	23
38	23
50	23
61	23
75	23
80	23
129	23
147	23
151	23
155	23
163	23
165	23
197	23
199	23
231	23
240	23
258	23
260	23
378	23
394	23
400	23
446	23
450	23
464	23
537	23
541	23
555	23
563	23
581	23
591	23
626	23
637	23
639	23
641	23
642	23
656	23
685	23
703	23
829	23
886	23
893	23
905	23
914	23
984	23
986	23
1033	23
1037	23
1174	23
1220	23
1241	23
1301	23
1317	23
1397	23
1470	23
1476	23
1482	23
1537	23
1546	23
1549	23
1552	23
1602	23
1604	23
1607	23
1646	23
1649	23
1759	23
1763	23
1764	23
1765	23
1767	23
1801	23
1825	23
1840	23
1841	23
1852	23
1864	23
1865	23
1872	23
1873	23
1957	23
1961	23
1965	23
1991	23
1998	23
1999	23
2027	23
2042	23
2044	23
2045	23
2079	23
2080	23
2081	23
2083	23
2113	23
2124	23
2125	23
2126	23
2139	23
2156	23
2177	23
2181	23
2209	23
2211	23
2236	23
2261	23
2262	23
2267	23
2288	23
2289	23
2304	23
2310	23
2363	23
2377	23
2381	23
2413	23
2419	23
2457	23
2572	23
2577	23
2580	23
2588	23
2592	23
2623	23
2625	23
2626	23
2636	23
2653	23
2687	23
2689	23
2691	23
2767	23
2778	23
2782	23
2784	23
2785	23
2824	23
2835	23
2882	23
2913	23
2915	23
2918	23
2919	23
2927	23
2934	23
2938	23
2954	23
3001	23
3007	23
3020	23
3041	23
3067	23
3093	23
3111	23
3123	23
3125	23
3126	23
3161	23
3183	23
3184	23
3185	23
3187	23
3188	23
3229	23
3250	23
3253	23
3255	23
3337	23
3343	23
3350	23
3351	23
3357	23
3377	23
3429	23
3453	23
3522	23
3554	23
3557	23
3564	23
3568	23
3572	23
3628	23
3638	23
3708	23
3764	23
3843	23
3849	23
19	24
30	24
40	24
46	24
60	24
88	24
142	24
179	24
188	24
217	24
218	24
223	24
224	24
241	24
275	24
292	24
306	24
325	24
381	24
437	24
445	24
478	24
495	24
498	24
499	24
569	24
578	24
593	24
605	24
625	24
677	24
704	24
879	24
894	24
902	24
908	24
918	24
926	24
935	24
949	24
962	24
1028	24
1029	24
1085	24
1233	24
1245	24
1258	24
1275	24
1295	24
1322	24
1326	24
1332	24
1345	24
1408	24
1425	24
1430	24
1480	24
1499	24
1536	24
1565	24
1569	24
1571	24
1575	24
1580	24
1596	24
1632	24
1634	24
1661	24
1695	24
1716	24
1754	24
1778	24
1842	24
1877	24
2050	24
2081	24
2086	24
2097	24
2119	24
2129	24
2158	24
2166	24
2170	24
2188	24
2231	24
2274	24
2315	24
2337	24
2343	24
2348	24
2381	24
2400	24
2416	24
2480	24
2521	24
2564	24
2566	24
2617	24
2626	24
2627	24
2657	24
2690	24
2692	24
2715	24
2767	24
2810	24
2813	24
2860	24
2907	24
2965	24
2992	24
2999	24
3012	24
3069	24
3120	24
3146	24
3165	24
3174	24
3188	24
3192	24
3227	24
3287	24
3369	24
3399	24
3448	24
3457	24
3500	24
3501	24
3507	24
3517	24
3525	24
3533	24
3542	24
3547	24
3573	24
3620	24
3653	24
3663	24
3729	24
3735	24
3740	24
3752	24
3767	24
3793	24
3811	24
3815	24
3825	24
3882	24
6	25
83	25
197	25
222	25
519	25
526	25
647	25
895	25
1369	25
1483	25
1489	25
2005	25
2220	25
2285	25
2325	25
2371	25
2424	25
2625	25
2653	25
2749	25
2765	25
2769	25
2790	25
2910	25
3192	25
3376	25
3556	25
3631	25
3659	25
3777	25
19	26
23	26
40	26
72	26
122	26
144	26
206	26
232	26
279	26
283	26
323	26
384	26
386	26
395	26
407	26
417	26
428	26
439	26
440	26
441	26
443	26
449	26
542	26
567	26
580	26
642	26
649	26
654	26
670	26
677	26
680	26
697	26
705	26
711	26
727	26
729	26
731	26
777	26
824	26
834	26
835	26
840	26
852	26
878	26
907	26
915	26
951	26
964	26
967	26
1008	26
1023	26
1028	26
1077	26
1078	26
1081	26
1082	26
1083	26
1088	26
1103	26
1104	26
1105	26
1107	26
1109	26
1113	26
1141	26
1160	26
1162	26
1209	26
1218	26
1240	26
1254	26
1260	26
1263	26
1276	26
1296	26
1339	26
1344	26
1347	26
1363	26
1364	26
1376	26
1378	26
1391	26
1416	26
1424	26
1458	26
1497	26
1505	26
1518	26
1531	26
1573	26
1603	26
1604	26
1607	26
1608	26
1612	26
1633	26
1651	26
1702	26
1755	26
1774	26
1791	26
1809	26
1846	26
1853	26
1905	26
1918	26
1936	26
1982	26
1985	26
2085	26
2119	26
2130	26
2169	26
2173	26
2196	26
2204	26
2205	26
2268	26
2280	26
2291	26
2297	26
2301	26
2345	26
2389	26
2469	26
2487	26
2490	26
2492	26
2494	26
2495	26
2496	26
2499	26
2529	26
2543	26
2567	26
2580	26
2581	26
2584	26
2590	26
2601	26
2622	26
2643	26
2764	26
2789	26
2805	26
2819	26
2829	26
2868	26
2898	26
2953	26
3017	26
3046	26
3047	26
3051	26
3061	26
3097	26
3161	26
3200	26
3323	26
3325	26
3326	26
3327	26
3345	26
3374	26
3391	26
3401	26
3406	26
3434	26
3442	26
3480	26
3489	26
3518	26
3558	26
3575	26
3584	26
3593	26
3597	26
3598	26
3611	26
3612	26
3613	26
3614	26
3615	26
3640	26
3694	26
3707	26
3766	26
3789	26
3802	26
3816	26
3845	26
3866	26
3873	26
3874	26
3882	26
3887	26
10	27
13	27
14	27
19	27
20	27
102	27
127	27
152	27
213	27
308	27
328	27
406	27
427	27
429	27
463	27
476	27
480	27
496	27
642	27
643	27
644	27
709	27
744	27
805	27
867	27
896	27
967	27
1011	27
1014	27
1019	27
1032	27
1049	27
1079	27
1127	27
1156	27
1303	27
1379	27
1390	27
1393	27
1408	27
1441	27
1454	27
1463	27
1475	27
1513	27
1545	27
1557	27
1560	27
1654	27
1755	27
1771	27
1789	27
1818	27
1824	27
1826	27
1827	27
1828	27
1829	27
1884	27
1950	27
1951	27
2049	27
2084	27
2117	27
2131	27
2137	27
2176	27
2214	27
2272	27
2312	27
2328	27
2366	27
2377	27
2390	27
2403	27
2519	27
2529	27
2590	27
2650	27
2652	27
2655	27
2663	27
2667	27
2682	27
2718	27
2738	27
2775	27
2800	27
2894	27
2943	27
2959	27
3027	27
3098	27
3134	27
3140	27
3172	27
3186	27
3208	27
3272	27
3286	27
3297	27
3300	27
3332	27
3341	27
3344	27
3375	27
3428	27
3440	27
3476	27
3478	27
3496	27
3497	27
3521	27
3523	27
3524	27
3525	27
3526	27
3527	27
3529	27
3530	27
3553	27
3562	27
3589	27
3595	27
3596	27
3630	27
3634	27
3652	27
3693	27
3694	27
3712	27
3713	27
3714	27
3718	27
3751	27
3778	27
3798	27
3799	27
3803	27
3807	27
3808	27
3821	27
3824	27
3845	27
3869	27
3878	27
9	28
15	28
26	28
66	28
141	28
175	28
190	28
200	28
227	28
228	28
259	28
322	28
340	28
347	28
371	28
424	28
442	28
494	28
499	28
554	28
561	28
620	28
665	28
675	28
740	28
762	28
772	28
785	28
801	28
804	28
810	28
832	28
856	28
879	28
885	28
892	28
903	28
930	28
933	28
937	28
966	28
970	28
980	28
1002	28
1091	28
1154	28
1164	28
1184	28
1187	28
1196	28
1207	28
1216	28
1220	28
1228	28
1251	28
1272	28
1316	28
1331	28
1335	28
1368	28
1395	28
1403	28
1418	28
1422	28
1450	28
1503	28
1506	28
1577	28
1585	28
1601	28
1629	28
1664	28
1679	28
1717	28
1719	28
1754	28
1809	28
1834	28
1839	28
1840	28
1842	28
1844	28
1926	28
1949	28
1971	28
1974	28
1984	28
2004	28
2005	28
2008	28
2031	28
2039	28
2062	28
2067	28
2090	28
2122	28
2155	28
2167	28
2173	28
2263	28
2299	28
2304	28
2329	28
2337	28
2338	28
2341	28
2354	28
2357	28
2369	28
2398	28
2423	28
2426	28
2433	28
2435	28
2458	28
2461	28
2471	28
2484	28
2563	28
2600	28
2614	28
2635	28
2637	28
2732	28
2749	28
2751	28
2768	28
2810	28
2814	28
2840	28
2849	28
2853	28
2855	28
2862	28
2871	28
2905	28
2935	28
2962	28
2974	28
2985	28
2986	28
3008	28
3026	28
3029	28
3040	28
3063	28
3090	28
3092	28
3119	28
3148	28
3188	28
3197	28
3206	28
3222	28
3225	28
3247	28
3271	28
3322	28
3349	28
3356	28
3371	28
3394	28
3426	28
3447	28
3468	28
3474	28
3491	28
3499	28
3506	28
3547	28
3549	28
3579	28
3625	28
3656	28
3666	28
3679	28
3688	28
3723	28
3737	28
3772	28
3780	28
3829	28
3865	28
38	29
116	29
124	29
155	29
161	29
164	29
385	29
393	29
555	29
586	29
591	29
592	29
665	29
673	29
984	29
1012	29
1037	29
1120	29
1139	29
1259	29
1264	29
1271	29
1274	29
1330	29
1425	29
1430	29
1754	29
1799	29
1805	29
1978	29
1988	29
1993	29
2041	29
2045	29
2057	29
2149	29
2230	29
2267	29
2335	29
2419	29
2432	29
2513	29
2538	29
2552	29
2563	29
2571	29
2653	29
2701	29
2730	29
2755	29
2773	29
2783	29
2904	29
2910	29
2912	29
2913	29
2918	29
2929	29
2930	29
2938	29
2998	29
3067	29
3182	29
3184	29
3185	29
3188	29
3215	29
3216	29
3251	29
3253	29
3262	29
3352	29
3380	29
3486	29
3507	29
3509	29
3522	29
3568	29
3628	29
3660	29
3724	29
3849	29
2	30
4	30
19	30
48	30
77	30
97	30
99	30
180	30
189	30
207	30
255	30
300	30
313	30
372	30
475	30
483	30
501	30
517	30
587	30
708	30
715	30
781	30
804	30
817	30
927	30
976	30
996	30
1055	30
1080	30
1086	30
1095	30
1097	30
1128	30
1129	30
1189	30
1202	30
1237	30
1255	30
1294	30
1332	30
1415	30
1449	30
1471	30
1493	30
1568	30
1609	30
1671	30
1677	30
1738	30
1778	30
1779	30
1805	30
1810	30
1831	30
1849	30
1868	30
1906	30
2065	30
2076	30
2088	30
2146	30
2157	30
2187	30
2243	30
2252	30
2292	30
2359	30
2372	30
2380	30
2406	30
2461	30
2506	30
2624	30
2688	30
2722	30
2757	30
2768	30
2793	30
2808	30
2823	30
2844	30
2925	30
2975	30
3010	30
3051	30
3076	30
3099	30
3108	30
3143	30
3163	30
3166	30
3169	30
3219	30
3274	30
3388	30
3423	30
3458	30
3459	30
3561	30
3565	30
3587	30
3591	30
3603	30
3677	30
3686	30
3691	30
3732	30
3738	30
3743	30
3762	30
3768	30
35	31
57	31
58	31
60	31
117	31
194	31
219	31
230	31
257	31
270	31
284	31
286	31
326	31
327	31
329	31
331	31
332	31
333	31
334	31
359	31
463	31
469	31
477	31
544	31
584	31
645	31
704	31
720	31
748	31
775	31
776	31
778	31
782	31
784	31
790	31
851	31
866	31
900	31
909	31
968	31
995	31
1007	31
1016	31
1022	31
1024	31
1029	31
1030	31
1045	31
1054	31
1162	31
1200	31
1217	31
1242	31
1260	31
1279	31
1284	31
1307	31
1313	31
1344	31
1346	31
1361	31
1367	31
1372	31
1521	31
1528	31
1532	31
1538	31
1540	31
1566	31
1616	31
1623	31
1624	31
1626	31
1640	31
1658	31
1672	31
1674	31
1680	31
1724	31
1727	31
1728	31
1731	31
1762	31
1770	31
1788	31
1808	31
1812	31
1823	31
1899	31
1900	31
1905	31
2015	31
2018	31
2019	31
2136	31
2173	31
2188	31
2241	31
2271	31
2302	31
2355	31
2379	31
2416	31
2466	31
2479	31
2493	31
2499	31
2507	31
2533	31
2548	31
2554	31
2578	31
2579	31
2599	31
2616	31
2630	31
2680	31
2702	31
2703	31
2724	31
2760	31
2771	31
2781	31
2832	31
2841	31
2852	31
2874	31
2878	31
2879	31
2952	31
2958	31
2974	31
2991	31
3005	31
3012	31
3013	31
3017	31
3047	31
3048	31
3051	31
3059	31
3079	31
3088	31
3095	31
3097	31
3117	31
3134	31
3151	31
3152	31
3153	31
3170	31
3177	31
3202	31
3233	31
3237	31
3257	31
3268	31
3269	31
3270	31
3358	31
3361	31
3363	31
3364	31
3366	31
3367	31
3370	31
3373	31
3424	31
3441	31
3450	31
3461	31
3469	31
3471	31
3475	31
3488	31
3504	31
3518	31
3527	31
3550	31
3622	31
3641	31
3643	31
3644	31
3645	31
3646	31
3647	31
3649	31
3650	31
3749	31
3751	31
18	32
39	32
50	32
103	32
193	32
197	32
199	32
212	32
221	32
222	32
225	32
228	32
237	32
289	32
291	32
305	32
330	32
339	32
368	32
385	32
388	32
408	32
411	32
416	32
430	32
473	32
507	32
578	32
602	32
606	32
608	32
609	32
614	32
615	32
617	32
618	32
638	32
647	32
657	32
675	32
699	32
707	32
718	32
730	32
732	32
735	32
737	32
740	32
768	32
773	32
792	32
828	32
833	32
838	32
842	32
895	32
916	32
958	32
975	32
980	32
984	32
989	32
1105	32
1117	32
1120	32
1140	32
1186	32
1241	32
1299	32
1302	32
1306	32
1314	32
1322	32
1369	32
1371	32
1422	32
1514	32
1542	32
1577	32
1586	32
1593	32
1647	32
1650	32
1691	32
1699	32
1716	32
1718	32
1719	32
1866	32
1913	32
1935	32
1971	32
1972	32
1975	32
1976	32
1986	32
2098	32
2099	32
2106	32
2108	32
2109	32
2110	32
2116	32
2122	32
2132	32
2183	32
2198	32
2212	32
2259	32
2337	32
2353	32
2397	32
2424	32
2428	32
2438	32
2446	32
2472	32
2501	32
2510	32
2553	32
2563	32
2571	32
2594	32
2603	32
2632	32
2664	32
2693	32
2709	32
2747	32
2749	32
2765	32
2772	32
2780	32
2784	32
2833	32
2866	32
2884	32
2890	32
2929	32
2935	32
2957	32
2965	32
3024	32
3038	32
3044	32
3075	32
3188	32
3192	32
3247	32
3259	32
3299	32
3351	32
3359	32
3362	32
3392	32
3393	32
3396	32
3422	32
3452	32
3465	32
3473	32
3491	32
3493	32
3623	32
3624	32
3625	32
3628	32
3704	32
3717	32
3780	32
3848	32
3852	32
3854	32
3858	32
3876	32
238	33
373	33
610	33
635	33
729	33
878	33
919	33
936	33
959	33
992	33
1023	33
1070	33
1103	33
1109	33
1151	33
1218	33
1276	33
1347	33
1391	33
1458	33
1505	33
1531	33
1573	33
1625	33
1793	33
1835	33
1879	33
1918	33
1955	33
2014	33
2059	33
2102	33
2268	33
2316	33
2454	33
2565	33
2601	33
2776	33
3026	33
3161	33
3171	33
3178	33
3195	33
3196	33
3204	33
3265	33
3323	33
3411	33
3413	33
3604	33
3665	33
3689	33
3749	33
3794	33
3828	33
13	34
14	34
16	34
23	34
43	34
48	34
79	34
86	34
87	34
115	34
123	34
220	34
267	34
278	34
283	34
367	34
384	34
425	34
427	34
449	34
457	34
458	34
488	34
500	34
530	34
543	34
558	34
589	34
600	34
642	34
672	34
728	34
761	34
764	34
783	34
834	34
835	34
841	34
862	34
869	34
878	34
881	34
951	34
1023	34
1055	34
1073	34
1077	34
1103	34
1104	34
1105	34
1107	34
1108	34
1109	34
1116	34
1127	34
1142	34
1150	34
1160	34
1202	34
1210	34
1213	34
1218	34
1223	34
1295	34
1296	34
1310	34
1340	34
1349	34
1379	34
1396	34
1413	34
1440	34
1463	34
1471	34
1485	34
1486	34
1539	34
1557	34
1561	34
1568	34
1570	34
1612	34
1678	34
1702	34
1755	34
1775	34
1793	34
1795	34
1817	34
1818	34
1834	34
1835	34
1841	34
1850	34
1916	34
1938	34
1982	34
2028	34
2035	34
2051	34
2052	34
2063	34
2120	34
2144	34
2162	34
2164	34
2180	34
2265	34
2266	34
2268	34
2276	34
2280	34
2316	34
2345	34
2347	34
2403	34
2418	34
2448	34
2455	34
2468	34
2470	34
2481	34
2524	34
2543	34
2590	34
2601	34
2613	34
2627	34
2633	34
2646	34
2648	34
2658	34
2661	34
2683	34
2687	34
2735	34
2788	34
2800	34
2803	34
2807	34
2815	34
2867	34
2949	34
2969	34
2970	34
2971	34
2978	34
3003	34
3039	34
3040	34
3158	34
3181	34
3207	34
3236	34
3248	34
3252	34
3263	34
3310	34
3313	34
3324	34
3334	34
3344	34
3389	34
3391	34
3398	34
3401	34
3409	34
3413	34
3432	34
3470	34
3480	34
3489	34
3520	34
3528	34
3586	34
3588	34
3593	34
3642	34
3672	34
3686	34
3689	34
3709	34
3727	34
3753	34
3765	34
3795	34
3796	34
3802	34
3803	34
3804	34
3817	34
3823	34
3825	34
3833	34
3837	34
3875	34
3889	34
52	35
68	35
111	35
195	35
203	35
205	35
221	35
222	35
226	35
233	35
266	35
300	35
342	35
344	35
345	35
346	35
347	35
349	35
355	35
388	35
465	35
482	35
484	35
494	35
512	35
532	35
605	35
607	35
612	35
613	35
615	35
632	35
638	35
678	35
710	35
730	35
759	35
769	35
778	35
792	35
857	35
874	35
888	35
921	35
977	35
984	35
1004	35
1031	35
1039	35
1052	35
1067	35
1069	35
1071	35
1098	35
1122	35
1132	35
1133	35
1140	35
1143	35
1145	35
1196	35
1199	35
1231	35
1282	35
1293	35
1315	35
1319	35
1322	35
1323	35
1335	35
1382	35
1393	35
1398	35
1421	35
1426	35
1437	35
1457	35
1461	35
1497	35
1507	35
1525	35
1526	35
1529	35
1591	35
1664	35
1666	35
1719	35
1743	35
1749	35
1753	35
1757	35
1783	35
1815	35
1843	35
1893	35
1973	35
1984	35
2007	35
2047	35
2058	35
2067	35
2116	35
2142	35
2152	35
2213	35
2216	35
2238	35
2257	35
2326	35
2338	35
2351	35
2356	35
2392	35
2401	35
2407	35
2438	35
2440	35
2467	35
2489	35
2510	35
2569	35
2638	35
2664	35
2676	35
2677	35
2698	35
2708	35
2712	35
2713	35
2716	35
2722	35
2726	35
2756	35
2871	35
2891	35
2899	35
2921	35
2988	35
3040	35
3050	35
3118	35
3145	35
3209	35
3210	35
3211	35
3212	35
3217	35
3218	35
3220	35
3240	35
3276	35
3279	35
3294	35
3307	35
3321	35
3393	35
3415	35
3422	35
3437	35
3439	35
3444	35
3463	35
3466	35
3479	35
3500	35
3510	35
3631	35
3636	35
3668	35
3673	35
3674	35
3676	35
3683	35
3690	35
3710	35
3716	35
3737	35
3820	35
3834	35
3843	35
3848	35
3862	35
3886	35
27	36
54	36
90	36
91	36
95	36
100	36
130	36
159	36
160	36
206	36
208	36
218	36
254	36
304	36
324	36
336	36
338	36
359	36
365	36
523	36
631	36
634	36
652	36
659	36
672	36
785	36
786	36
860	36
1020	36
1099	36
1181	36
1183	36
1220	36
1245	36
1269	36
1297	36
1334	36
1343	36
1360	36
1366	36
1450	36
1508	36
1576	36
1698	36
1701	36
1715	36
1735	36
1745	36
1784	36
1816	36
1840	36
1854	36
1856	36
1863	36
1876	36
1903	36
1907	36
1915	36
1953	36
2023	36
2046	36
2063	36
2150	36
2242	36
2255	36
2274	36
2397	36
2399	36
2427	36
2450	36
2570	36
2710	36
2804	36
2939	36
2942	36
2977	36
3000	36
3055	36
3066	36
3137	36
3173	36
3186	36
3355	36
3403	36
3456	36
3652	36
3685	36
3775	36
3783	36
3788	36
3805	36
3881	36
1	37
65	37
67	37
81	37
96	37
132	37
163	37
185	37
210	37
222	37
291	37
316	37
352	37
378	37
385	37
399	37
403	37
413	37
430	37
448	37
491	37
506	37
546	37
602	37
619	37
666	37
675	37
707	37
795	37
806	37
820	37
823	37
859	37
878	37
901	37
930	37
939	37
958	37
988	37
989	37
990	37
1148	37
1178	37
1179	37
1207	37
1227	37
1312	37
1314	37
1338	37
1350	37
1373	37
1422	37
1481	37
1606	37
1615	37
1621	37
1628	37
1631	37
1647	37
1659	37
1709	37
1714	37
1722	37
1733	37
1751	37
1807	37
1834	37
1851	37
1882	37
1912	37
1927	37
1928	37
1974	37
2008	37
2039	37
2056	37
2075	37
2106	37
2116	37
2151	37
2153	37
2159	37
2189	37
2233	37
2259	37
2330	37
2370	37
2445	37
2462	37
2484	37
2515	37
2582	37
2603	37
2711	37
2732	37
2737	37
2769	37
2830	37
2856	37
2881	37
2890	37
2957	37
2960	37
3008	37
3009	37
3050	37
3070	37
3081	37
3106	37
3148	37
3206	37
3254	37
3256	37
3261	37
3283	37
3338	37
3410	37
3430	37
3438	37
3468	37
3498	37
3514	37
3515	37
3737	37
3757	37
3777	37
3797	37
3859	37
3872	37
3890	37
36	38
53	38
126	38
178	38
193	38
195	38
197	38
198	38
210	38
218	38
392	38
431	38
461	38
463	38
464	38
533	38
545	38
578	38
671	38
720	38
748	38
902	38
981	38
986	38
989	38
1028	38
1080	38
1106	38
1120	38
1130	38
1140	38
1228	38
1233	38
1258	38
1264	38
1301	38
1321	38
1323	38
1343	38
1406	38
1423	38
1425	38
1459	38
1470	38
1489	38
1499	38
1500	38
1501	38
1502	38
1506	38
1523	38
1530	38
1543	38
1561	38
1577	38
1580	38
1581	38
1693	38
1695	38
1698	38
1708	38
1715	38
1754	38
1763	38
1786	38
1787	38
1788	38
1834	38
1860	38
1882	38
1946	38
1948	38
1960	38
2039	38
2045	38
2053	38
2081	38
2091	38
2109	38
2147	38
2246	38
2254	38
2259	38
2281	38
2315	38
2323	38
2337	38
2363	38
2384	38
2398	38
2467	38
2516	38
2563	38
2566	38
2571	38
2584	38
2625	38
2666	38
2678	38
2687	38
2705	38
2729	38
2731	38
2765	38
2777	38
2785	38
2859	38
2860	38
2913	38
2914	38
2925	38
2936	38
2938	38
2963	38
2964	38
2970	38
3006	38
3036	38
3037	38
3040	38
3048	38
3188	38
3199	38
3205	38
3237	38
3247	38
3287	38
3333	38
3398	38
3403	38
3429	38
3438	38
3439	38
3477	38
3479	38
3493	38
3499	38
3500	38
3546	38
3547	38
3554	38
3581	38
3617	38
3628	38
3631	38
3697	38
3717	38
3718	38
3724	38
3756	38
3831	38
3870	38
3889	38
1	39
27	39
32	39
71	39
150	39
166	39
298	39
336	39
387	39
401	39
424	39
455	39
647	39
652	39
691	39
752	39
788	39
819	39
863	39
873	39
877	39
946	39
956	39
972	39
1018	39
1229	39
1266	39
1311	39
1337	39
1397	39
1414	39
1556	39
1619	39
1625	39
1696	39
1742	39
1806	39
1836	39
1840	39
1919	39
1925	39
1939	39
1946	39
1955	39
1982	39
2117	39
2128	39
2232	39
2281	39
2350	39
2359	39
2436	39
2456	39
2502	39
2582	39
2600	39
2626	39
2634	39
2644	39
2659	39
2726	39
2739	39
2787	39
2821	39
2859	39
2865	39
2877	39
2885	39
2979	39
3057	39
3081	39
3100	39
3235	39
3244	39
3245	39
3291	39
3304	39
3318	39
3354	39
3357	39
3437	39
3477	39
3514	39
3531	39
3629	39
3703	39
3704	39
3717	39
3754	39
3785	39
3844	39
3856	39
3861	39
3863	39
18	40
25	40
26	40
191	40
195	40
197	40
198	40
214	40
221	40
258	40
273	40
289	40
294	40
315	40
390	40
420	40
422	40
435	40
462	40
471	40
496	40
524	40
534	40
547	40
595	40
603	40
622	40
630	40
639	40
648	40
664	40
665	40
667	40
675	40
676	40
702	40
712	40
714	40
716	40
763	40
766	40
821	40
887	40
897	40
932	40
968	40
971	40
994	40
1031	40
1087	40
1093	40
1110	40
1161	40
1178	40
1180	40
1203	40
1205	40
1207	40
1212	40
1251	40
1256	40
1318	40
1321	40
1330	40
1380	40
1381	40
1386	40
1415	40
1425	40
1470	40
1483	40
1499	40
1500	40
1501	40
1530	40
1542	40
1544	40
1549	40
1551	40
1552	40
1558	40
1646	40
1732	40
1740	40
1742	40
1785	40
1786	40
1788	40
1858	40
1859	40
1862	40
1904	40
1915	40
1965	40
1996	40
2021	40
2025	40
2072	40
2095	40
2101	40
2104	40
2105	40
2112	40
2158	40
2177	40
2181	40
2190	40
2210	40
2224	40
2234	40
2282	40
2293	40
2300	40
2327	40
2352	40
2364	40
2388	40
2433	40
2503	40
2657	40
2670	40
2725	40
2727	40
2729	40
2733	40
2741	40
2767	40
2826	40
2888	40
2928	40
2929	40
2932	40
2933	40
2935	40
2965	40
2966	40
2967	40
2973	40
2997	40
3035	40
3056	40
3094	40
3118	40
3147	40
3188	40
3202	40
3211	40
3238	40
3282	40
3298	40
3362	40
3377	40
3418	40
3436	40
3445	40
3457	40
3491	40
3509	40
3537	40
3541	40
3549	40
3551	40
3555	40
3573	40
3574	40
3577	40
3610	40
3654	40
3688	40
3702	40
3779	40
3781	40
3792	40
3811	40
3857	40
62	41
132	41
150	41
199	41
216	41
239	41
248	41
251	41
261	41
274	41
311	41
347	41
348	41
353	41
411	41
416	41
421	41
423	41
426	41
432	41
435	41
486	41
505	41
532	41
552	41
565	41
594	41
605	41
617	41
638	41
668	41
736	41
754	41
769	41
781	41
798	41
799	41
916	41
921	41
941	41
948	41
973	41
1034	41
1036	41
1042	41
1097	41
1111	41
1112	41
1147	41
1153	41
1167	41
1174	41
1220	41
1285	41
1302	41
1306	41
1308	41
1309	41
1312	41
1329	41
1357	41
1371	41
1375	41
1377	41
1398	41
1410	41
1448	41
1465	41
1468	41
1478	41
1489	41
1527	41
1533	41
1547	41
1553	41
1631	41
1645	41
1648	41
1650	41
1704	41
1712	41
1739	41
1740	41
1747	41
1777	41
1807	41
1833	41
1909	41
1976	41
1979	41
2068	41
2107	41
2109	41
2113	41
2115	41
2122	41
2133	41
2140	41
2190	41
2208	41
2233	41
2245	41
2257	41
2352	41
2362	41
2376	41
2381	41
2383	41
2402	41
2411	41
2424	41
2452	41
2559	41
2560	41
2611	41
2615	41
2621	41
2641	41
2655	41
2669	41
2674	41
2704	41
2752	41
2754	41
2756	41
2769	41
2774	41
2778	41
2815	41
2817	41
2876	41
2887	41
2893	41
2896	41
2899	41
2903	41
2905	41
2909	41
2940	41
2944	41
2976	41
3024	41
3028	41
3044	41
3049	41
3081	41
3082	41
3102	41
3123	41
3132	41
3138	41
3201	41
3211	41
3212	41
3224	41
3238	41
3242	41
3254	41
3267	41
3284	41
3303	41
3309	41
3311	41
3312	41
3328	41
3382	41
3390	41
3407	41
3467	41
3569	41
3583	41
3635	41
3726	41
3733	41
3758	41
3797	41
3800	41
3836	41
3838	41
3844	41
3853	41
3860	41
3864	41
7	42
45	42
48	42
139	42
149	42
150	42
171	42
190	42
227	42
228	42
245	42
294	42
337	42
362	42
371	42
397	42
442	42
522	42
548	42
554	42
681	42
693	42
731	42
751	42
763	42
770	42
793	42
801	42
846	42
870	42
879	42
885	42
892	42
923	42
930	42
933	42
938	42
943	42
945	42
970	42
981	42
1004	42
1045	42
1050	42
1081	42
1091	42
1096	42
1175	42
1184	42
1220	42
1228	42
1247	42
1251	42
1280	42
1304	42
1305	42
1331	42
1335	42
1381	42
1395	42
1403	42
1418	42
1438	42
1450	42
1466	42
1503	42
1506	42
1574	42
1581	42
1601	42
1642	42
1663	42
1665	42
1673	42
1698	42
1719	42
1728	42
1769	42
1808	42
1809	42
1816	42
1831	42
1839	42
1845	42
1891	42
1916	42
1961	42
1974	42
1975	42
2038	42
2064	42
2067	42
2071	42
2090	42
2098	42
2099	42
2100	42
2122	42
2149	42
2173	42
2174	42
2213	42
2221	42
2231	42
2308	42
2331	42
2337	42
2341	42
2354	42
2404	42
2424	42
2445	42
2459	42
2461	42
2471	42
2484	42
2505	42
2507	42
2550	42
2571	42
2589	42
2596	42
2614	42
2634	42
2672	42
2696	42
2709	42
2718	42
2724	42
2749	42
2768	42
2794	42
2804	42
2822	42
2837	42
2840	42
2855	42
2904	42
2905	42
2981	42
3026	42
3054	42
3148	42
3179	42
3197	42
3221	42
3226	42
3247	42
3278	42
3322	42
3339	42
3389	42
3392	42
3404	42
3424	42
3447	42
3449	42
3463	42
3506	42
3518	42
3520	42
3560	42
3579	42
3637	42
3654	42
3666	42
3686	42
3723	42
3742	42
3780	42
3809	42
3829	42
3832	42
3835	42
3842	42
3875	42
3880	42
167	43
168	43
170	43
208	43
240	43
303	43
304	43
307	43
317	43
351	43
371	43
412	43
428	43
447	43
459	43
508	43
592	43
599	43
604	43
627	43
650	43
652	43
703	43
760	43
794	43
796	43
797	43
800	43
803	43
810	43
898	43
913	43
974	43
976	43
1023	43
1027	43
1028	43
1056	43
1100	43
1139	43
1169	43
1220	43
1233	43
1249	43
1312	43
1330	43
1353	43
1397	43
1405	43
1576	43
1614	43
1631	43
1662	43
1777	43
1825	43
1834	43
2013	43
2172	43
2181	43
2352	43
2363	43
2422	43
2447	43
2450	43
2451	43
2562	43
2694	43
2717	43
2773	43
2801	43
2835	43
2853	43
2902	43
2947	43
3007	43
3010	43
3011	43
3015	43
3040	43
3110	43
3184	43
3187	43
3216	43
3298	43
3301	43
3336	43
3381	43
3435	43
3466	43
3481	43
3499	43
3548	43
3590	43
3661	43
3674	43
3686	43
3701	43
3758	43
3763	43
3782	43
23	44
48	44
93	44
122	44
125	44
203	44
262	44
278	44
279	44
281	44
283	44
310	44
377	44
405	44
433	44
487	44
488	44
501	44
506	44
558	44
587	44
670	44
679	44
686	44
697	44
698	44
728	44
755	44
764	44
824	44
825	44
826	44
834	44
835	44
837	44
858	44
878	44
881	44
906	44
925	44
928	44
942	44
969	44
984	44
1023	44
1055	44
1077	44
1103	44
1104	44
1107	44
1108	44
1119	44
1125	44
1136	44
1142	44
1146	44
1150	44
1157	44
1164	44
1195	44
1202	44
1221	44
1223	44
1295	44
1296	44
1411	44
1446	44
1471	44
1518	44
1522	44
1561	44
1562	44
1568	44
1570	44
1579	44
1590	44
1598	44
1610	44
1612	44
1615	44
1652	44
1704	44
1748	44
1780	44
1790	44
1813	44
1818	44
1834	44
1835	44
1852	44
1874	44
1916	44
1938	44
1959	44
1989	44
1990	44
2006	44
2009	44
2034	44
2043	44
2100	44
2120	44
2144	44
2154	44
2180	44
2193	44
2202	44
2247	44
2275	44
2278	44
2279	44
2281	44
2291	44
2301	44
2318	44
2345	44
2347	44
2387	44
2418	44
2483	44
2526	44
2531	44
2532	44
2546	44
2562	44
2593	44
2601	44
2622	44
2628	44
2633	44
2661	44
2671	44
2683	44
2788	44
2800	44
2807	44
2808	44
2834	44
2838	44
2839	44
2843	44
2867	44
2890	44
2900	44
2916	44
2923	44
2931	44
2948	44
2949	44
2971	44
2987	44
3003	44
3020	44
3039	44
3065	44
3101	44
3158	44
3189	44
3236	44
3243	44
3248	44
3254	44
3261	44
3334	44
3389	44
3398	44
3400	44
3401	44
3402	44
3409	44
3454	44
3480	44
3506	44
3520	44
3528	44
3540	44
3584	44
3586	44
3591	44
3593	44
3613	44
3642	44
3655	44
3663	44
3686	44
3689	44
3732	44
3753	44
3804	44
3817	44
3823	44
3846	44
3872	44
3882	44
49	45
76	45
100	45
150	45
199	45
209	45
379	45
813	45
815	45
969	45
971	45
1235	45
1394	45
1523	45
1629	45
2088	45
2093	45
2199	45
2362	45
2364	45
2539	45
2687	45
2744	45
2767	45
3149	45
3150	45
3183	45
3184	45
3491	45
3592	45
3594	45
3631	45
3705	45
1	46
12	46
31	46
61	46
70	46
82	46
263	46
381	46
390	46
402	46
477	46
496	46
497	46
498	46
526	46
529	46
575	46
576	46
609	46
620	46
646	46
675	46
748	46
775	46
777	46
802	46
808	46
809	46
853	46
880	46
891	46
920	46
923	46
945	46
967	46
985	46
986	46
1021	46
1048	46
1065	46
1075	46
1089	46
1164	46
1166	46
1170	46
1206	46
1212	46
1267	46
1291	46
1318	46
1326	46
1328	46
1392	46
1420	46
1431	46
1438	46
1492	46
1506	46
1507	46
1509	46
1515	46
1529	46
1534	46
1571	46
1597	46
1640	46
1653	46
1685	46
1689	46
1706	46
1717	46
1718	46
1754	46
1782	46
1798	46
1890	46
1892	46
1970	46
1997	46
2002	46
2017	46
2030	46
2048	46
2050	46
2066	46
2087	46
2161	46
2179	46
2207	46
2211	46
2230	46
2252	46
2273	46
2302	46
2305	46
2310	46
2320	46
2333	46
2336	46
2360	46
2386	46
2396	46
2416	46
2430	46
2443	46
2480	46
2482	46
2520	46
2545	46
2560	46
2568	46
2609	46
2629	46
2639	46
2657	46
2673	46
2679	46
2686	46
2696	46
2724	46
2763	46
2791	46
2829	46
2845	46
2860	46
2863	46
2869	46
2895	46
2912	46
2950	46
2983	46
3021	46
3022	46
3058	46
3062	46
3078	46
3104	46
3112	46
3118	46
3128	46
3135	46
3167	46
3168	46
3176	46
3196	46
3216	46
3255	46
3259	46
3295	46
3296	46
3374	46
3379	46
3383	46
3394	46
3417	46
3418	46
3419	46
3424	46
3427	46
3463	46
3477	46
3492	46
3494	46
3502	46
3571	46
3607	46
3628	46
3736	46
3787	46
3792	46
3850	46
141	47
540	47
661	47
822	47
824	47
844	47
878	47
985	47
1057	47
1323	47
1557	47
1655	47
1693	47
1739	47
1756	47
1760	47
1980	47
2085	47
2147	47
2270	47
2285	47
2326	47
2374	47
2420	47
2472	47
2475	47
2625	47
2850	47
2866	47
2888	47
2891	47
3071	47
3281	47
3376	47
3599	47
3639	47
3746	47
41	48
64	48
74	48
84	48
105	48
127	48
156	48
189	48
201	48
204	48
215	48
223	48
256	48
264	48
300	48
312	48
320	48
321	48
345	48
419	48
468	48
470	48
474	48
484	48
551	48
573	48
676	48
678	48
743	48
747	48
780	48
831	48
876	48
902	48
934	48
952	48
986	48
1020	48
1026	48
1046	48
1072	48
1123	48
1152	48
1163	48
1190	48
1191	48
1197	48
1198	48
1221	48
1222	48
1232	48
1271	48
1285	48
1324	48
1351	48
1401	48
1479	48
1494	48
1510	48
1517	48
1526	48
1595	48
1617	48
1618	48
1641	48
1646	48
1712	48
1716	48
1744	48
1752	48
1753	48
1820	48
1849	48
1880	48
1921	48
1940	48
1941	48
1952	48
1966	48
2029	48
2036	48
2037	48
2044	48
2128	48
2141	48
2166	48
2192	48
2209	48
2222	48
2261	48
2283	48
2311	48
2393	48
2436	48
2437	48
2442	48
2536	48
2619	48
2645	48
2649	48
2684	48
2736	48
2756	48
2820	48
2842	48
2854	48
2896	48
2925	48
2972	48
2993	48
3004	48
3072	48
3074	48
3087	48
3109	48
3126	48
3149	48
3156	48
3160	48
3219	48
3225	48
3236	48
3275	48
3291	48
3308	48
3316	48
3331	48
3385	48
3472	48
3484	48
3582	48
3606	48
3651	48
3687	48
3762	48
3773	48
3781	48
3810	48
3826	48
3827	48
3879	48
9	49
22	49
25	49
82	49
85	49
121	49
136	49
193	49
195	49
197	49
261	49
263	49
265	49
284	49
289	49
385	49
393	49
420	49
438	49
519	49
585	49
595	49
599	49
606	49
617	49
630	49
660	49
675	49
676	49
695	49
802	49
821	49
926	49
932	49
994	49
998	49
1118	49
1178	49
1205	49
1207	49
1211	49
1212	49
1239	49
1259	49
1318	49
1470	49
1483	49
1492	49
1530	49
1542	49
1572	49
1593	49
1600	49
1732	49
1786	49
1802	49
1814	49
1837	49
1859	49
1867	49
1915	49
1976	49
1981	49
2001	49
2021	49
2022	49
2104	49
2105	49
2108	49
2109	49
2110	49
2111	49
2112	49
2113	49
2148	49
2224	49
2282	49
2290	49
2310	49
2433	49
2510	49
2547	49
2653	49
2677	49
2731	49
2880	49
2928	49
2932	49
2933	49
2959	49
2965	49
3024	49
3033	49
3056	49
3085	49
3138	49
3145	49
3190	49
3238	49
3249	49
3308	49
3362	49
3418	49
3479	49
3490	49
3513	49
3534	49
3535	49
3537	49
3551	49
3552	49
3555	49
3573	49
3576	49
3654	49
3688	49
3702	49
3706	49
3779	49
3781	49
3792	49
3809	49
3883	49
199	50
262	50
347	50
418	50
471	50
540	50
694	50
822	50
963	50
965	50
1147	50
1204	50
1271	50
1375	50
1477	50
1821	50
1836	50
1956	50
2305	50
2484	50
2671	50
2749	50
2873	50
2984	50
3052	50
3281	50
3302	50
3418	50
3777	50
3843	50
